{"lac": [[4.878118284481252, -0.004397954168594743, 0.00013171807231710994, 7.212740449559436e-05, -5.094154572218714e-06, 6.864669760635904e-08], [45.03903929020465, 3.4122956948866316, -0.16494363954653724, 0.004415360686685019, -5.9349093337852906e-05, 2.868985091126272e-07], [90.74195160551425, -4.969139144558754], [-17.029772079772062, 6.912037037037035], [9.844563949065446, -0.6187907525927487]], "ile_n": [[-2119.4393021058113, 235.64659119442916, -9.501956475832563, 0.16975611413401678, -0.0011331536582105338], [4244.06859727224, -438.4189848762037, 17.166033988479203, -0.29781463583099, 0.0019306128387148304]], "ile_s": [[-2967.385827814987, 276.6567883950392, -9.642941132569595, 0.1494962320118589, -0.0008683430444707572], [7635.235865046062, -692.8746570337337, 23.570217193762286, -0.35575463741095004, 0.0020102619543308194]]}